{"(-1, -10)": [0, 0], "(-1, -9)": [0, 0], "(-1, -8)": [0, 0], "(-1, -7)": [0, 0], "(-1, -6)": [0, 0], "(-1, -5)": [0, 0], "(-1, -4)": [0, 0], "(-1, -3)": [0, 0], "(-1, -2)": [0, 0], "(-1, -1)": [0, 0], "(-1, 0)": [-2.0, 0], "(-1, 1)": [-1.9999999997675477, 1.7060121869759053], "(-1, 2)": [-0.14714156320169847, -0.16652642537718276], "(-1, 3)": [-0.6709210441408662, -0.0736450197849153], "(-1, 4)": [-1.036858349684854, 1.101248128363781], "(-1, 5)": [-1.9954425194681253, 1.4125817531796852], "(-1, 6)": [-0.1633178333355998, 0.7060121869877105], "(-1, 7)": [-0.6470382034861325, 0.6095396367942678], "(-1, 8)": [-0.3342989327013589, 0.9141549444250029], "(-1, 9)": [-0.26095810820693577, 0.8503112255897642], "(-1, 10)": [-0.575977786456431, 1.386359619983057], "(-1, 11)": [-0.3067688701601448, 1.1844984168444934], "(-1, 12)": [0, 0], "(-1, 13)": [0, 0], "(-1, 14)": [0, 0], "(-1, 15)": [0, 0], "(-1, 16)": [0, 0], "(-1, 17)": [0, 0], "(-1, 18)": [0, 0], "(-1, 19)": [0, 0], "(-1, 20)": [0, 0], "(-1, 21)": [0, 0], "(-1, 22)": [0, 0], "(-1, 23)": [0, 0], "(-1, 24)": [0, 0], "(-1, 25)": [0, 0], "(-1, 26)": [0, 0], "(-1, 27)": [0, 0], "(-1, 28)": [0, 0], "(-1, 29)": [0, 0], "(0, -10)": [0, 0], "(0, -9)": [0, 0], "(0, -8)": [0, 0], "(0, -7)": [0, 0], "(0, -6)": [0, 0], "(0, -5)": [0, 0], "(0, -4)": [0, 0], "(0, -3)": [0, 0], "(0, -2)": [0, 0], "(0, -1)": [0, 0], "(0, 0)": [-2.0, 1.9107077363178664], "(0, 1)": [-0.4947282338570812, -2.0], "(0, 2)": [0.8487183837446691, 1.6455551238085693], "(0, 3)": [0.809057568684931, 1.3935285809218434], "(0, 4)": [1.2892939771579857, 1.201241993106645], "(0, 5)": [0.6446469885789932, 0.26047595751879693], "(0, 6)": [0.3223234942895004, 0.306263019686675], "(0, 7)": [0.5199631402074106, 1.1999411019980029], "(0, 8)": [0.30697997696223006, 1.1005742821923636], "(0, 9)": [0.7804103381922946, 1.3240009994263233], "(0, 10)": [0.6687436761307639, 0.5502342875749072], "(0, 11)": [0.693469142868272, 0.8033804898281482], "(0, 12)": [0.40232597378621004, 0.33780051897165253], "(0, 13)": [0.4997989214297366, 1.3029461329590712], "(0, 14)": [0.2956266310665134, 0.5530848818261936], "(0, 15)": [0.30118328497147, 1.1216412703209016], "(0, 16)": [0.5083153578695514, 0.3011832849715769], "(0, 17)": [0.2417296025414165, 1.2286421361450675], "(0, 18)": [0.2804103590019728, 1.1092946118861398], "(0, 19)": [0.8867424979246918, 1.3436937659356323], "(0, 20)": [0, 0.0], "(0, 21)": [1.999934717773712, 0.781171590182416], "(0, 22)": [0.9999575665535189, 0], "(0, 23)": [0.3159458874428813, 0.5658546341811753], "(0, 24)": [0, 0], "(0, 25)": [0, 0], "(0, 26)": [0, 0], "(0, 27)": [0, 0], "(0, 28)": [0, 0], "(0, 29)": [0, 0], "(1, -10)": [0, 0], "(1, -9)": [0, 0], "(1, -8)": [0, 0], "(1, -7)": [0, 0], "(1, -6)": [0, 0], "(1, -5)": [0, 0], "(1, -4)": [0, 0], "(1, -3)": [0, 0], "(1, -2)": [0, 0], "(1, -1)": [0, 0], "(1, 0)": [-2.0, -2.0], "(1, 1)": [1.4095467945248237, -2.0], "(1, 2)": [0.7566333897120259, -1.9999999855985973], "(1, 3)": [0.7907028740594899, -0.4663179502401546], "(1, 4)": [0.45599972881068984, 1.8214224904219], "(1, 5)": [0.3659198919690127, 1.6825110982559872], "(1, 6)": [0.1551250282743015, -0.6480918871957579], "(1, 7)": [0.16116174714477008, -1.9999999999999145], "(1, 8)": [0.08058087357245569, -0.8124960462172637], "(1, 9)": [0.04029043678642237, -1.9996198393644062], "(1, 10)": [0.6756010379433051, -0.9798547816063471], "(1, 11)": [0.9034356313570714, -1.99999999965623], "(1, 12)": [0.5687590928879882, 0.029314546683234077], "(1, 13)": [0.20124199310664548, -0.5628210798776722], "(1, 14)": [0.6474269829317656, -2.0], "(1, 15)": [0.2765424409198744, 1.108828350062233], "(1, 16)": [0.3213767688797409, -0.4415393576651201], "(1, 17)": [0.16070908758328728, -2.0], "(1, 18)": [0.5442255274513105, -0.906967792473517], "(1, 19)": [0.44531432289925654, -0.7895313577102483], "(1, 20)": [0.6718452022163225, 1.5659268034400138], "(1, 21)": [1.3121097487982651, -0.6677494457671963], "(1, 22)": [0.6560548744022487, -1.99999990434062], "(1, 23)": [0.4999724182646218, 0], "(1, 24)": [0.278605898017324, 0], "(1, 25)": [0, 0], "(1, 26)": [0, 0], "(1, 27)": [0, 0], "(1, 28)": [0, 0], "(1, 29)": [0, 0]}